dist, pot
1.724, 1.166
1.722, 1.166
1.703, 1.166
1.703, 1.166
1.703, 1.166
1.703, 1.166
1.715, 1.166
1.733, 1.166
1.733, 1.166
1.744, 1.166
1.744, 1.166
1.738, 1.167
1.739, 1.166
1.81, 1.166
1.814, 1.167
1.814, 1.167
1.722, 1.167
1.722, 1.166
1.72, 1.166
1.766, 1.166
1.766, 1.166
1.774, 1.167
1.774, 1.166
1.78, 1.166
1.7650000000000001, 1.166
1.758, 1.166
1.7610000000000001, 1.166
1.7610000000000001, 1.166
1.739, 1.166
1.741, 1.166
1.742, 1.166
1.742, 1.166
1.732, 1.167
1.735, 1.167
1.735, 1.167
1.7750000000000001, 1.167
1.7810000000000001, 1.166
1.7810000000000001, 1.166
1.786, 1.166
1.7750000000000001, 1.166
1.7750000000000001, 1.164
1.78, 1.164
1.7750000000000001, 1.166
1.7750000000000001, 1.167
1.778, 1.166
1.778, 1.166
1.76, 1.166
1.768, 1.166
1.768, 1.166
1.7570000000000001, 1.166
1.758, 1.166
1.758, 1.166
1.742, 1.166
1.742, 1.166
1.77, 1.166
1.7810000000000001, 1.167
1.7810000000000001, 1.166
1.7750000000000001, 1.166
1.7750000000000001, 1.166
1.7750000000000001, 1.166
1.76, 1.166
1.76, 1.167
1.742, 1.167
1.75, 1.166
1.75, 1.166
1.739, 1.167
1.739, 1.166
1.738, 1.166
1.804, 1.166
1.804, 1.166
1.758, 1.166
1.7610000000000001, 1.166
1.7610000000000001, 1.166
1.819, 1.166
1.819, 1.166
1.811, 1.166
1.811, 1.167
1.7610000000000001, 1.167
1.7610000000000001, 1.166
1.7570000000000001, 1.166
1.7690000000000001, 1.166
1.7690000000000001, 1.166
1.7590000000000001, 1.166
1.7590000000000001, 1.166
1.758, 1.166
1.804, 1.166
1.804, 1.166
1.758, 1.166
1.7610000000000001, 1.167
1.82, 1.166
1.82, 1.167
1.8, 1.167
1.796, 1.166
1.796, 1.166
1.811, 1.166
1.813, 1.166
1.813, 1.166
1.7610000000000001, 1.167
1.7610000000000001, 1.166
1.786, 1.166
1.803, 1.166
1.803, 1.166
1.793, 1.166
1.793, 1.166
1.793, 1.166
1.802, 1.166
1.802, 1.166
1.816, 1.166
1.824, 1.166
1.824, 1.166
1.794, 1.167
1.794, 1.166
1.793, 1.166
1.76, 1.166
1.76, 1.166
1.772, 1.166
1.772, 1.166
1.7850000000000001, 1.166
1.793, 1.166
1.793, 1.166
1.793, 1.166
1.7830000000000001, 1.166
1.7830000000000001, 1.167
1.776, 1.166
1.7770000000000001, 1.166
1.7810000000000001, 1.166
1.7750000000000001, 1.166
1.7750000000000001, 1.166
1.798, 1.167
1.798, 1.166
1.7750000000000001, 1.166
1.7850000000000001, 1.166
1.7850000000000001, 1.166
1.797, 1.166
1.797, 1.166
1.793, 1.166
1.802, 1.166
1.802, 1.166
1.7750000000000001, 1.166
1.7770000000000001, 1.166
1.7770000000000001, 1.166
1.826, 1.166
1.826, 1.166
1.819, 1.166
1.821, 1.166
1.821, 1.166
1.811, 1.166
1.811, 1.166
1.813, 1.166
1.816, 1.167
1.816, 1.167
1.818, 1.166
1.818, 1.167
1.827, 1.167
1.793, 1.166
1.793, 1.166
1.794, 1.166
1.819, 1.166
1.819, 1.167
1.796, 1.167
1.796, 1.166
1.796, 1.166
1.819, 1.166
1.819, 1.166
1.819, 1.166
1.822, 1.166
1.822, 1.166
1.794, 1.166
1.8, 1.166
1.8, 1.167
1.826, 1.166
1.819, 1.166
1.799, 1.166
1.799, 1.166
1.81, 1.166
1.81, 1.166
1.814, 1.166
1.814, 1.167
1.799, 1.167
1.796, 1.166
1.796, 1.166
1.814, 1.166
1.776, 1.166
1.776, 1.164
1.782, 1.164
1.782, 1.167
1.782, 1.166
1.786, 1.166
1.799, 1.166
1.799, 1.166
1.793, 1.166
1.796, 1.166
1.796, 1.166
1.7630000000000001, 1.166
1.758, 1.166
1.758, 1.166
1.7610000000000001, 1.166
1.776, 1.167
1.776, 1.166
1.776, 1.166
1.78, 1.167
1.7750000000000001, 1.167
1.7750000000000001, 1.166
1.7810000000000001, 1.166
1.793, 1.166
1.793, 1.166
1.792, 1.166
1.7810000000000001, 1.166
1.7810000000000001, 1.166
1.776, 1.167
1.776, 1.167
1.778, 1.167
1.7570000000000001, 1.166
1.7570000000000001, 1.166
1.7570000000000001, 1.166
1.7570000000000001, 1.166
1.782, 1.166
1.793, 1.167
1.793, 1.167
1.807, 1.167
1.807, 1.166
1.786, 1.166
1.774, 1.166
1.774, 1.166
1.7610000000000001, 1.166
1.7750000000000001, 1.166
1.7750000000000001, 1.166
1.7770000000000001, 1.167
1.7770000000000001, 1.166
1.778, 1.166
1.7850000000000001, 1.166
1.7850000000000001, 1.166
1.819, 1.166
1.819, 1.166
1.758, 1.166
1.7630000000000001, 1.166
1.7630000000000001, 1.166
1.824, 1.166
1.7890000000000001, 1.166
1.7890000000000001, 1.166
1.78, 1.166
1.738, 1.166
1.738, 1.166
1.741, 1.166
1.741, 1.166
1.778, 1.166
1.7750000000000001, 1.166
1.782, 1.166
1.782, 1.166
1.793, 1.166
1.793, 1.167
1.794, 1.167
1.7870000000000001, 1.166
1.7870000000000001, 1.166
1.7750000000000001, 1.166
1.78, 1.166
1.78, 1.166
1.776, 1.167
1.776, 1.167
1.776, 1.166
1.78, 1.166
1.78, 1.166
1.7750000000000001, 1.166
1.7830000000000001, 1.166
1.7830000000000001, 1.166
1.793, 1.166
1.793, 1.166
1.793, 1.166
1.824, 1.166
1.776, 1.166
1.776, 1.167
1.7810000000000001, 1.167
1.8, 1.166
1.8, 1.166
1.793, 1.166
1.793, 1.166
1.78, 1.166
1.792, 1.166
1.792, 1.166
1.802, 1.166
1.802, 1.166
1.796, 1.166
1.7710000000000001, 1.166
1.75, 1.166
1.75, 1.166
1.774, 1.166
1.78, 1.166
1.78, 1.166
1.7650000000000001, 1.166
1.7650000000000001, 1.166
1.7690000000000001, 1.166
1.778, 1.166
1.778, 1.166
1.7750000000000001, 1.166
1.7750000000000001, 1.166
1.776, 1.166
1.776, 1.166
1.778, 1.166
1.76, 1.166
1.76, 1.167
1.766, 1.167
1.758, 1.167
1.758, 1.166
1.7570000000000001, 1.166
1.766, 1.166
1.766, 1.166
1.788, 1.166
1.788, 1.167
1.798, 1.167
1.739, 1.166
1.739, 1.166
1.738, 1.166
1.796, 1.166
1.796, 1.166
1.758, 1.166
1.768, 1.167
1.768, 1.167
1.7570000000000001, 1.166
1.7570000000000001, 1.166
1.7570000000000001, 1.166
1.782, 1.166
1.782, 1.166
1.7750000000000001, 1.166
1.7750000000000001, 1.166
1.778, 1.166
1.782, 1.166
1.782, 1.164
1.774, 1.164
1.774, 1.166
1.7590000000000001, 1.166
1.774, 1.166
1.774, 1.166
1.786, 1.166
1.7770000000000001, 1.166
1.7770000000000001, 1.166
1.766, 1.167
1.749, 1.167
1.749, 1.167
1.739, 1.166
1.742, 1.166
1.742, 1.166
1.692, 1.166
1.709, 1.166
1.709, 1.166
1.722, 1.166
1.7750000000000001, 1.167
1.7750000000000001, 1.166
1.776, 1.166
1.724, 1.166
1.724, 1.167
1.766, 1.167
1.766, 1.166
1.782, 1.166
1.758, 1.166
1.7570000000000001, 1.167
1.7570000000000001, 1.167
1.747, 1.166
1.747, 1.166
1.754, 1.166
1.754, 1.166
1.7590000000000001, 1.166
1.703, 1.166
1.703, 1.166
1.702, 1.166
1.702, 1.166
1.76, 1.166
1.7910000000000001, 1.166
1.7910000000000001, 1.166
1.802, 1.166
1.739, 1.166
1.739, 1.166
1.738, 1.166
1.738, 1.167
1.7650000000000001, 1.167
1.722, 1.167
1.722, 1.167
1.724, 1.167
1.744, 1.166
1.744, 1.166
1.738, 1.166
1.78, 1.166
1.78, 1.166
1.7750000000000001, 1.166
1.782, 1.166
1.782, 1.166
1.742, 1.166
1.758, 1.166
1.782, 1.166
1.782, 1.166
1.721, 1.166
1.722, 1.166
1.722, 1.166
1.799, 1.166
1.738, 1.166
1.738, 1.166
1.725, 1.167
1.725, 1.166
1.7570000000000001, 1.166
1.758, 1.166
1.758, 1.166
1.742, 1.167
1.742, 1.166
1.722, 1.166
1.727, 1.166
1.776, 1.167
1.776, 1.166
1.7750000000000001, 1.166
1.782, 1.166
1.782, 1.166
1.741, 1.166
1.741, 1.166
1.741, 1.166
1.7570000000000001, 1.166
1.7570000000000001, 1.166
1.7570000000000001, 1.167
1.7570000000000001, 1.166
1.76, 1.166
1.774, 1.166
1.774, 1.166
1.7810000000000001, 1.166
1.749, 1.166
1.749, 1.166
1.738, 1.166
1.738, 1.166
1.799, 1.166
1.793, 1.166
1.793, 1.166
1.796, 1.166
1.796, 1.166
1.797, 1.166
1.788, 1.166
1.788, 1.166
1.7810000000000001, 1.167
1.7810000000000001, 1.166
1.7570000000000001, 1.166
1.7630000000000001, 1.166
1.7630000000000001, 1.166
1.797, 1.166
1.797, 1.167
1.747, 1.167
1.726, 1.166
1.726, 1.166
1.72, 1.166
1.722, 1.166
1.722, 1.167
1.7630000000000001, 1.167
1.715, 1.167
1.715, 1.166
1.706, 1.166
1.706, 1.166
1.7570000000000001, 1.166
1.758, 1.166
1.758, 1.166
1.807, 1.166
1.807, 1.167
1.7770000000000001, 1.167
1.78, 1.166
1.78, 1.167
1.739, 1.167
1.739, 1.166
1.739, 1.166
1.7630000000000001, 1.166
1.7630000000000001, 1.167
1.7910000000000001, 1.167
1.803, 1.167
1.803, 1.166
1.7750000000000001, 1.166
1.7750000000000001, 1.167
1.77, 1.164
1.77, 1.166
1.722, 1.166
1.725, 1.166
1.725, 1.166
1.802, 1.167
1.794, 1.167
1.794, 1.167
1.743, 1.167
1.774, 1.166
1.774, 1.166
1.7810000000000001, 1.166
1.742, 1.164
1.724, 1.166
1.724, 1.166
1.713, 1.167
1.7550000000000001, 1.166
1.7550000000000001, 1.166
1.7610000000000001, 1.166
1.749, 1.167
1.749, 1.167
1.786, 1.167
1.786, 1.166
1.815, 1.166
1.739, 1.166
1.739, 1.166
1.742, 1.167
1.816, 1.167
1.816, 1.166
1.782, 1.166
1.7870000000000001, 1.166
1.7870000000000001, 1.167
1.776, 1.167
1.776, 1.167
1.766, 1.166
1.766, 1.167
1.774, 1.167
1.778, 1.166
1.778, 1.166
1.7570000000000001, 1.166
1.7570000000000001, 1.166
1.7570000000000001, 1.166
1.778, 1.166
1.778, 1.166
1.691, 1.166
1.695, 1.166
1.695, 1.166
1.7570000000000001, 1.166
1.7570000000000001, 1.166
1.7570000000000001, 1.166
1.731, 1.166
1.816, 1.167
1.816, 1.166
1.824, 1.167
1.78, 1.166
1.7750000000000001, 1.166
1.797, 1.166
1.797, 1.166
1.81, 1.166
1.81, 1.166
1.822, 1.166
1.705, 1.166
1.705, 1.166
1.71, 1.166
1.73, 1.166
1.73, 1.166
1.703, 1.166
1.708, 1.167
1.708, 1.166
1.7650000000000001, 1.166
1.7650000000000001, 1.166
1.78, 1.166
1.78, 1.166
1.797, 1.166
1.776, 1.167
1.776, 1.166
1.776, 1.166
1.776, 1.167
1.797, 1.167
1.7630000000000001, 1.164
1.7630000000000001, 1.166
1.766, 1.166
1.703, 1.166
1.703, 1.166
1.703, 1.166
1.703, 1.166
1.8, 1.166
1.76, 1.164
1.76, 1.164
1.76, 1.166
1.76, 1.166
1.721, 1.166
1.72, 1.166
1.722, 1.166
1.722, 1.166
1.737, 1.166
1.747, 1.166
1.747, 1.166
1.7750000000000001, 1.166
1.7750000000000001, 1.166
1.7750000000000001, 1.166
1.8, 1.166
1.722, 1.166
1.722, 1.166
1.725, 1.166
1.709, 1.167
1.709, 1.167
1.704, 1.166
1.704, 1.166
1.722, 1.166
1.81, 1.167
1.81, 1.166
1.82, 1.166
1.82, 1.166
1.76, 1.166
1.7650000000000001, 1.166
1.7650000000000001, 1.166
1.7830000000000001, 1.166
1.7830000000000001, 1.166
1.721, 1.166
1.721, 1.166
1.724, 1.166
1.799, 1.166
1.799, 1.166
1.699, 1.166
1.699, 1.167
1.67, 1.167
1.683, 1.166
1.683, 1.166
1.684, 1.166
1.7770000000000001, 1.166
1.728, 1.166
1.728, 1.166
1.738, 1.166
1.738, 1.166
1.738, 1.164
1.738, 1.166
1.7630000000000001, 1.166
1.741, 1.167
1.741, 1.167
1.743, 1.166
1.72, 1.166
1.72, 1.166
1.72, 1.166
1.704, 1.166
1.719, 1.166
1.719, 1.166
1.727, 1.167
1.727, 1.166
1.782, 1.166
1.774, 1.166
1.774, 1.166
1.726, 1.166
1.726, 1.166
1.7910000000000001, 1.166
1.796, 1.166
1.796, 1.166
1.7610000000000001, 1.166
1.746, 1.166
1.746, 1.166
1.722, 1.166
1.72, 1.166
1.72, 1.167
1.728, 1.167
1.749, 1.166
1.749, 1.167
1.738, 1.167
1.744, 1.166
1.744, 1.166
1.774, 1.166
1.7770000000000001, 1.166
1.743, 1.166
1.743, 1.166
1.726, 1.167
1.726, 1.166
1.722, 1.166
1.7750000000000001, 1.166
1.7750000000000001, 1.166
1.7770000000000001, 1.166
1.7770000000000001, 1.167
1.749, 1.167
1.722, 1.166
1.722, 1.166
1.726, 1.166
1.726, 1.166
1.793, 1.166
1.793, 1.166
1.744, 1.167
1.744, 1.164
1.738, 1.164
1.742, 1.166
1.837, 1.166
1.837, 1.166
1.836, 1.166
1.768, 1.166
1.768, 1.166
1.739, 1.166
1.744, 1.166
1.766, 1.166
1.766, 1.166
1.7570000000000001, 1.166
1.743, 1.166
1.743, 1.166
1.774, 1.166
1.776, 1.166
1.67, 1.166
1.67, 1.167
1.682, 1.167
1.714, 1.166
1.81, 1.166
1.81, 1.166
1.816, 1.166
1.816, 1.166
1.75, 1.166
1.75, 1.166
1.738, 1.166
1.744, 1.167
1.744, 1.166
1.72, 1.166
1.72, 1.166
1.722, 1.166
1.706, 1.166
1.706, 1.166
1.687, 1.166
1.694, 1.166
1.703, 1.167
1.703, 1.167
1.703, 1.166
1.703, 1.167
1.75, 1.167
1.739, 1.167
1.739, 1.166
1.746, 1.166
1.7570000000000001, 1.166
1.7570000000000001, 1.167
1.758, 1.167
1.743, 1.166
1.743, 1.167
1.688, 1.167
1.697, 1.164
1.697, 1.164
1.684, 1.166
1.684, 1.166
1.684, 1.166
1.621, 1.166
1.621, 1.166
1.559, 1.166
1.559, 1.166
1.56, 1.166
1.556, 1.166
1.556, 1.167
1.542, 1.167
1.5, 1.166
1.5, 1.166
1.478, 1.166
1.49, 1.166
1.49, 1.166
1.444, 1.166
1.444, 1.167
1.452, 1.167
1.47, 1.166
1.47, 1.166
1.442, 1.166
1.445, 1.166
1.445, 1.166
1.334, 1.166
1.358, 1.166
1.358, 1.166
1.371, 1.166
1.294, 1.166
1.294, 1.166
1.296, 1.167
1.296, 1.166
1.315, 1.166
1.315, 1.166
1.2790000000000001, 1.166
1.285, 1.167
1.285, 1.167
1.311, 1.166
1.312, 1.166
1.312, 1.166
1.286, 1.166
1.286, 1.167
1.31, 1.167
1.31, 1.166
1.315, 1.166
1.4020000000000001, 1.166
1.4020000000000001, 1.167
1.405, 1.167
1.443, 1.166
1.443, 1.166
1.3880000000000001, 1.166
1.3880000000000001, 1.166
1.395, 1.166
1.395, 1.166
1.466, 1.166
1.466, 1.167
1.46, 1.167
1.485, 1.166
1.485, 1.166
1.46, 1.166
1.46, 1.166
1.462, 1.166
1.446, 1.166
1.446, 1.166
1.459, 1.166
1.459, 1.166
1.499, 1.166
1.5150000000000001, 1.166
1.5150000000000001, 1.166
1.5250000000000001, 1.166
1.5230000000000001, 1.166
1.5230000000000001, 1.166
1.578, 1.166
1.637, 1.166
1.637, 1.166
1.7, 1.166
1.705, 1.166
1.705, 1.166
1.672, 1.164
1.672, 1.166
1.719, 1.166
1.741, 1.166
1.741, 1.166
1.72, 1.166
1.72, 1.166
1.721, 1.166
1.73, 1.167
1.73, 1.166
1.611, 1.166
1.599, 1.166
1.599, 1.166
1.351, 1.166
1.35, 1.167
1.35, 1.166
1.095, 1.166
0.909, 1.166
0.909, 1.166
0.896, 1.166
0.896, 1.166
0.684, 1.166
0.675, 1.166
0.653, 1.166
0.581, 1.166
0.581, 1.166
0.59, 1.166
0.527, 1.166
0.527, 1.167
0.45, 1.167
0.40900000000000003, 1.166
0.168, 1.166
0.168, 1.166
0.162, 1.164
0.162, 1.166
0.043000000000000003, 1.166
0.168, 1.166
0.211, 1.167
0.211, 1.166
0.217, 1.166
0.227, 1.167
0.227, 1.166
0.13, 1.166
0.13, 1.167
0.036000000000000004, 1.166
0.024, 1.166
0.11800000000000001, 1.166
0.11800000000000001, 1.166
0.122, 1.166
0.163, 1.166
0.213, 1.166
0.213, 1.166
0.23, 1.166
0.23, 1.166
0.139, 1.166
0.139, 1.166
0.139, 1.166
0.17200000000000001, 1.166
0.17200000000000001, 1.166
0.333, 1.166
0.35100000000000003, 1.166
0.299, 1.167
0.299, 1.167
0.301, 1.167
0.301, 1.166
0.327, 1.166
0.2, 1.166
0.2, 1.166
0.211, 1.167
0.211, 1.166
0.277, 1.166
0.332, 1.166
0.332, 1.166
0.41300000000000003, 1.166
0.457, 1.166
0.457, 1.166
0.465, 1.166
0.63, 1.166
0.63, 1.166
0.655, 1.164
0.704, 1.164
0.847, 1.164
0.865, 1.166
0.865, 1.166
0.937, 1.166
0.996, 1.166
1.04, 1.166
1.04, 1.166
1.0090000000000001, 1.166
1.0150000000000001, 1.166
1.0150000000000001, 1.166
0.963, 1.164
0.963, 1.166
0.918, 1.166
0.918, 1.166
0.918, 1.166
1.065, 1.166
1.065, 1.167
1.069, 1.167
1.1280000000000001, 1.166
1.1280000000000001, 1.166
1.202, 1.167
1.23, 1.167
1.308, 1.166
1.308, 1.166
1.311, 1.166
1.393, 1.166
1.393, 1.166
1.433, 1.166
1.444, 1.166
1.444, 1.166
1.459, 1.166
1.459, 1.166
1.459, 1.166
1.5, 1.167
1.5, 1.166
1.496, 1.166
1.5070000000000001, 1.166
1.5070000000000001, 1.164
1.609, 1.164
1.61, 1.166
1.62, 1.166
1.62, 1.166
1.663, 1.166
1.669, 1.166
1.669, 1.166
1.708, 1.166
1.708, 1.166
1.7, 1.166
1.705, 1.166
1.705, 1.166
1.805, 1.166
1.805, 1.166
1.821, 1.166
1.778, 1.166
1.778, 1.166
1.774, 1.166
1.7830000000000001, 1.166
1.7830000000000001, 1.167
1.741, 1.167
1.743, 1.166
1.802, 1.167
1.802, 1.167
1.794, 1.167
1.797, 1.166
1.797, 1.167
1.7590000000000001, 1.166
1.758, 1.166
1.742, 1.166
1.742, 1.166
1.738, 1.166
1.747, 1.166
1.747, 1.166
1.703, 1.166
1.702, 1.166
1.702, 1.166
1.7810000000000001, 1.166
1.807, 1.167
1.814, 1.166
1.814, 1.167
1.776, 1.167
1.776, 1.167
1.797, 1.166
1.797, 1.166
1.7590000000000001, 1.166
1.7590000000000001, 1.167
1.766, 1.167
1.721, 1.166
1.721, 1.166
1.72, 1.166
1.72, 1.166
1.747, 1.166
1.792, 1.167
1.792, 1.166
1.796, 1.166
1.764, 1.167
1.764, 1.166
1.7610000000000001, 1.166
1.796, 1.166
1.796, 1.166
1.793, 1.166
1.8, 1.166
1.778, 1.166
1.778, 1.166
1.7850000000000001, 1.166
1.799, 1.166
1.799, 1.166
1.7570000000000001, 1.166
1.7570000000000001, 1.166
1.76, 1.166
1.746, 1.166
1.746, 1.166
1.7650000000000001, 1.166
1.7770000000000001, 1.166
1.7770000000000001, 1.167
1.776, 1.167
1.776, 1.166
1.776, 1.166
1.744, 1.167
1.744, 1.166
1.754, 1.166
1.764, 1.166
1.764, 1.166
1.7750000000000001, 1.166
1.7750000000000001, 1.166
1.7750000000000001, 1.166
1.7630000000000001, 1.166
1.7630000000000001, 1.166
1.774, 1.166
1.7770000000000001, 1.167
1.7770000000000001, 1.167
1.7570000000000001, 1.166
1.7570000000000001, 1.166
1.7550000000000001, 1.166
1.778, 1.166
1.778, 1.166
1.741, 1.166
1.746, 1.166
1.746, 1.166
1.803, 1.166
1.792, 1.166
1.792, 1.166
1.7610000000000001, 1.166
1.792, 1.166
1.792, 1.166
1.796, 1.166
1.743, 1.166
1.743, 1.166
1.739, 1.166
1.739, 1.167
1.7630000000000001, 1.167
1.7570000000000001, 1.166
1.7630000000000001, 1.166
1.7630000000000001, 1.166
1.786, 1.167
1.786, 1.167
1.776, 1.166
1.7810000000000001, 1.166
1.738, 1.164
1.741, 1.164
1.741, 1.164
1.7610000000000001, 1.164
1.77, 1.164
1.77, 1.164
1.78, 1.164
1.793, 1.164
1.793, 1.164
1.793, 1.164
1.793, 1.166
1.804, 1.166
1.792, 1.163
1.792, 1.164
1.799, 1.164
1.7570000000000001, 1.163
1.7570000000000001, 1.163
1.7570000000000001, 1.163
1.798, 1.162
1.798, 1.162
1.7590000000000001, 1.161
1.7590000000000001, 1.161
1.7630000000000001, 1.161
1.7630000000000001, 1.161
1.794, 1.162
1.794, 1.161
1.793, 1.161
1.793, 1.161
1.804, 1.161
1.758, 1.161
1.758, 1.161
1.7610000000000001, 1.161
1.7610000000000001, 1.161
1.802, 1.161
1.793, 1.161
1.793, 1.161
1.78, 1.161
1.78, 1.161
1.81, 1.162
1.819, 1.161
1.797, 1.161
1.7870000000000001, 1.162
1.7870000000000001, 1.161
1.7830000000000001, 1.161
1.7830000000000001, 1.161
1.7750000000000001, 1.161
1.7750000000000001, 1.161
1.78, 1.161
1.78, 1.162
1.766, 1.162
1.766, 1.161
1.78, 1.161
1.78, 1.161
1.797, 1.161
1.797, 1.162
1.793, 1.162
1.794, 1.161
1.794, 1.161
1.816, 1.162
1.816, 1.161
1.782, 1.161
1.7850000000000001, 1.162
1.7850000000000001, 1.162
1.82, 1.162
1.82, 1.163
1.82, 1.163
1.864, 1.163
1.864, 1.163
1.854, 1.164
1.854, 1.166
1.858, 1.166
1.891, 1.167
1.891, 1.167
1.891, 1.168
1.891, 1.167
1.9120000000000001, 1.167
1.9120000000000001, 1.169
1.942, 1.169
1.954, 1.17
1.954, 1.17
1.963, 1.17
1.962, 1.17
1.989, 1.173
1.989, 1.175
2.012, 1.178
2.019, 1.178
2.019, 1.18
2.058, 1.18
2.05, 1.183
2.05, 1.185
2.09, 1.185
2.09, 1.186
2.123, 1.186
2.134, 1.188
2.134, 1.189
2.145, 1.189
2.146, 1.19
2.146, 1.19
2.169, 1.191
2.169, 1.192
2.194, 1.192
2.197, 1.194
2.197, 1.194
2.224, 1.196
2.224, 1.196
2.22, 1.196
2.234, 1.199
2.234, 1.2
2.247, 1.2
2.249, 1.2
2.249, 1.201
2.251, 1.201
2.258, 1.202
2.258, 1.202
2.273, 1.205
2.273, 1.206
2.266, 1.206
2.2640000000000002, 1.206
2.2720000000000002, 1.207
2.2720000000000002, 1.208
2.2680000000000002, 1.208
2.2680000000000002, 1.211
2.282, 1.211
2.282, 1.212
2.282, 1.212
2.302, 1.213
2.302, 1.214
2.329, 1.214
2.343, 1.216
2.343, 1.216
2.352, 1.217
2.352, 1.217
2.35, 1.217
2.3930000000000002, 1.219
2.3930000000000002, 1.219
2.415, 1.221
2.415, 1.223
2.424, 1.223
2.459, 1.223
2.454, 1.224
2.454, 1.224
2.489, 1.224
2.489, 1.227
2.52, 1.227
2.529, 1.228
2.529, 1.228
2.557, 1.228
2.557, 1.229
2.555, 1.229
2.579, 1.23
2.579, 1.231
2.605, 1.231
2.605, 1.233
2.61, 1.233
2.63, 1.234
2.63, 1.235
2.638, 1.235
2.638, 1.235
2.6630000000000003, 1.235
2.676, 1.235
2.676, 1.236
2.677, 1.238
2.698, 1.238
2.698, 1.238
2.694, 1.238
2.702, 1.239
2.702, 1.239
2.694, 1.24
2.694, 1.241
2.695, 1.241
2.7, 1.241
2.7, 1.242
2.693, 1.242
2.697, 1.242
2.697, 1.242
2.694, 1.244
2.694, 1.244
2.693, 1.244
2.695, 1.244
2.695, 1.246
2.681, 1.246
2.681, 1.245
2.684, 1.245
2.6830000000000003, 1.246
2.6830000000000003, 1.246
2.677, 1.246
2.6830000000000003, 1.247
2.6830000000000003, 1.249
2.664, 1.249
2.6630000000000003, 1.249
2.6630000000000003, 1.25
2.666, 1.25
2.666, 1.252
2.661, 1.252
2.642, 1.2510000000000001
2.642, 1.252
2.626, 1.252
2.626, 1.252
2.628, 1.2530000000000001
2.6310000000000002, 1.2530000000000001
2.623, 1.2550000000000001
2.612, 1.256
2.612, 1.252
2.59, 1.252
2.592, 1.2530000000000001
2.592, 1.2550000000000001
2.578, 1.2550000000000001
2.566, 1.2530000000000001
2.566, 1.2510000000000001
2.557, 1.2510000000000001
2.557, 1.252
2.539, 1.252
2.539, 1.2530000000000001
2.539, 1.252
2.529, 1.252
2.498, 1.2530000000000001
2.498, 1.2550000000000001
2.494, 1.2550000000000001
2.471, 1.256
2.471, 1.2570000000000001
2.471, 1.258
2.459, 1.258
2.439, 1.258
2.439, 1.258
2.439, 1.258
2.404, 1.256
2.404, 1.256
2.404, 1.2550000000000001
2.3930000000000002, 1.256
2.3930000000000002, 1.256
2.371, 1.256
2.374, 1.2550000000000001
2.374, 1.2550000000000001
2.36, 1.256
2.36, 1.2570000000000001
2.351, 1.2570000000000001
2.339, 1.26
2.339, 1.26
2.318, 1.26
2.321, 1.264
2.305, 1.264
2.3000000000000003, 1.264
2.3000000000000003, 1.264
2.29, 1.264
2.266, 1.2670000000000001
2.266, 1.268
2.271, 1.268
2.271, 1.2690000000000001
2.2560000000000002, 1.2690000000000001
2.241, 1.2710000000000001
2.241, 1.272
2.235, 1.272
2.214, 1.2730000000000001
2.214, 1.274
2.214, 1.2750000000000001
2.199, 1.2750000000000001
2.199, 1.2770000000000001
2.184, 1.2770000000000001
2.188, 1.278
2.161, 1.2790000000000001
2.161, 1.2790000000000001
2.162, 1.28
2.162, 1.28
2.169, 1.28
2.146, 1.283
2.146, 1.284
2.1470000000000002, 1.284
2.126, 1.284
2.126, 1.284
2.125, 1.285
2.125, 1.286
2.091, 1.286
2.086, 1.286
2.086, 1.288
2.096, 1.288
2.096, 1.288
2.069, 1.288
2.068, 1.289
2.068, 1.291
2.061, 1.291
2.0340000000000003, 1.291
2.0340000000000003, 1.291
2.039, 1.293
2.039, 1.293
2.024, 1.291
2.024, 1.293
2.015, 1.293
2.0020000000000002, 1.293
2.0020000000000002, 1.293
1.998, 1.291
1.998, 1.291
1.998, 1.284
2.0100000000000002, 1.284
1.984, 1.283
1.984, 1.283
1.975, 1.283
1.975, 1.283
1.971, 1.284
1.971, 1.284
1.946, 1.284
1.946, 1.286
1.949, 1.286
1.949, 1.284
1.936, 1.284
1.936, 1.284
1.9160000000000001, 1.283
1.9160000000000001, 1.283
1.913, 1.284
1.913, 1.286
1.891, 1.286
1.891, 1.286
1.8920000000000001, 1.286
1.879, 1.289
1.879, 1.289
1.858, 1.286
1.858, 1.286
1.864, 1.29
1.864, 1.29
1.855, 1.29
1.857, 1.293
1.857, 1.293
1.846, 1.295
1.846, 1.299
1.821, 1.301
1.824, 1.301
1.824, 1.304
1.811, 1.304
1.811, 1.306
1.811, 1.307
1.815, 1.307
1.794, 1.311
1.794, 1.311
1.802, 1.313
1.802, 1.316
1.776, 1.316
1.7750000000000001, 1.317
1.7750000000000001, 1.317
1.7850000000000001, 1.319
1.7850000000000001, 1.321
1.758, 1.321
1.76, 1.322
1.746, 1.324
1.746, 1.326
1.738, 1.326
1.742, 1.327
1.742, 1.329
1.721, 1.33
1.728, 1.33
1.724, 1.332
1.724, 1.333
1.711, 1.333
1.711, 1.334
1.711, 1.334
1.684, 1.336
1.684, 1.338
1.688, 1.338
1.688, 1.34
1.692, 1.34
1.671, 1.34
1.671, 1.341
1.669, 1.341
1.649, 1.344
1.649, 1.344
1.6520000000000001, 1.345
1.6520000000000001, 1.345
1.633, 1.347
1.633, 1.349
1.639, 1.349
1.6300000000000001, 1.349
1.6300000000000001, 1.349
1.631, 1.35
1.631, 1.35
1.619, 1.35
1.611, 1.352
1.611, 1.352
1.614, 1.352
1.593, 1.354
1.593, 1.355
1.593, 1.356
1.597, 1.356
1.575, 1.356
1.575, 1.356
1.583, 1.358
1.583, 1.356
1.576, 1.356
1.573, 1.358
1.573, 1.358
1.562, 1.36
1.556, 1.361
1.556, 1.361
1.56, 1.362
1.56, 1.363
1.561, 1.363
1.548, 1.363
1.548, 1.365
1.542, 1.365
1.516, 1.365
1.516, 1.365
1.5250000000000001, 1.365
1.5250000000000001, 1.363
1.52, 1.363
1.5150000000000001, 1.363
1.5150000000000001, 1.363
1.522, 1.363
1.496, 1.366
1.496, 1.367
1.499, 1.367
1.5030000000000001, 1.368
1.5030000000000001, 1.369
1.496, 1.369
1.5, 1.363
1.5, 1.363
1.478, 1.361
1.479, 1.362
1.479, 1.362
1.484, 1.362
1.461, 1.365
1.461, 1.366
1.467, 1.367
1.459, 1.367
1.46, 1.367
1.46, 1.363
1.466, 1.363
1.443, 1.365
1.443, 1.368
1.444, 1.369
1.44, 1.369
1.442, 1.372
1.442, 1.373
1.429, 1.373
1.429, 1.3760000000000001
1.423, 1.3760000000000001
1.429, 1.3780000000000001
1.429, 1.3780000000000001
1.432, 1.379
1.432, 1.3800000000000001
1.421, 1.3800000000000001
1.41, 1.383
1.41, 1.385
1.405, 1.385
1.407, 1.387
1.409, 1.387
1.409, 1.387
1.3940000000000001, 1.3880000000000001
1.3940000000000001, 1.3880000000000001
1.393, 1.3880000000000001
1.385, 1.3880000000000001
1.385, 1.3880000000000001
1.3940000000000001, 1.3900000000000001
1.3940000000000001, 1.391
1.3800000000000001, 1.391
1.367, 1.393
1.367, 1.3940000000000001
1.373, 1.3940000000000001
1.367, 1.3960000000000001
1.367, 1.3980000000000001
1.369, 1.3980000000000001
1.355, 1.399
1.355, 1.399
1.349, 1.399
1.356, 1.4000000000000001
1.356, 1.4000000000000001
1.349, 1.4020000000000001
1.349, 1.4040000000000001
1.35, 1.4040000000000001
1.343, 1.405
1.343, 1.405
1.329, 1.4060000000000001
1.329, 1.4060000000000001
1.335, 1.4060000000000001
1.33, 1.409
1.33, 1.409
1.329, 1.409
1.329, 1.407
1.317, 1.407
1.312, 1.409
1.321, 1.41
1.321, 1.411
1.311, 1.411
1.311, 1.411
1.311, 1.413
1.306, 1.413
1.293, 1.413
1.293, 1.415
1.297, 1.415
1.3, 1.416
1.3, 1.415
1.293, 1.415
1.299, 1.415
1.299, 1.415
1.274, 1.412
1.274, 1.411
1.284, 1.411
1.278, 1.407
1.278, 1.407
1.274, 1.4040000000000001
1.285, 1.4020000000000001
1.285, 1.4040000000000001
1.274, 1.4040000000000001
1.2790000000000001, 1.401
1.2790000000000001, 1.401
1.268, 1.4020000000000001
1.268, 1.4040000000000001
1.2550000000000001, 1.4040000000000001
1.26, 1.4040000000000001
1.26, 1.4060000000000001
1.256, 1.4060000000000001
1.2570000000000001, 1.4060000000000001
1.2570000000000001, 1.4060000000000001
1.258, 1.4060000000000001
1.258, 1.4060000000000001
1.239, 1.407
1.239, 1.407
1.249, 1.407
1.236, 1.407
1.236, 1.409
1.238, 1.41
1.244, 1.41
1.236, 1.41
1.241, 1.411
1.241, 1.409
1.236, 1.409
1.236, 1.411
1.236, 1.412
1.241, 1.412
1.241, 1.413
1.219, 1.413
1.229, 1.413
1.229, 1.413
1.219, 1.415
1.219, 1.416
1.218, 1.416
1.227, 1.417
1.227, 1.417
1.218, 1.417
1.218, 1.42
1.224, 1.42
1.207, 1.421
1.207, 1.421
1.2, 1.422
1.2, 1.422
1.203, 1.423
1.203, 1.423
1.2, 1.426
1.2, 1.426
1.21, 1.426
1.203, 1.428
1.203, 1.429
1.2, 1.429
1.208, 1.432
1.208, 1.433
1.199, 1.433
1.203, 1.433
1.188, 1.435
1.188, 1.435
1.181, 1.437
1.181, 1.438
1.185, 1.439
1.183, 1.44
1.183, 1.44
1.184, 1.44
1.18, 1.443
1.18, 1.444
1.189, 1.444
1.18, 1.444
1.18, 1.446
1.183, 1.446
1.169, 1.446
1.169, 1.448
1.161, 1.448
1.164, 1.449
1.164, 1.449
1.162, 1.45
1.161, 1.451
1.161, 1.454
1.166, 1.454
1.163, 1.456
1.169, 1.457
1.169, 1.457
1.173, 1.459
1.173, 1.459
1.157, 1.459
1.1500000000000001, 1.46
1.1500000000000001, 1.46
1.1420000000000001, 1.461
1.1420000000000001, 1.461
1.1460000000000001, 1.461
1.147, 1.462
1.147, 1.462
1.1420000000000001, 1.463
1.1420000000000001, 1.465
1.1460000000000001, 1.465
1.124, 1.466
1.124, 1.466
1.1300000000000001, 1.466
1.131, 1.467
1.124, 1.47
1.124, 1.47
1.1300000000000001, 1.47
1.124, 1.471
1.124, 1.473
1.1280000000000001, 1.473
1.1280000000000001, 1.473
1.129, 1.473
1.107, 1.474
1.107, 1.474
1.112, 1.476
1.112, 1.476
1.105, 1.476
1.107, 1.477
1.107, 1.477
1.114, 1.477
1.105, 1.478
1.105, 1.479
1.112, 1.479
1.105, 1.479
1.105, 1.479
1.106, 1.481
1.106, 1.482
1.091, 1.482
1.086, 1.483
1.086, 1.483
1.09, 1.485
1.09, 1.484
1.086, 1.484
1.086, 1.484
1.086, 1.484
1.098, 1.484
1.098, 1.484
1.086, 1.485
1.092, 1.485
1.092, 1.487
1.078, 1.487
1.067, 1.485
1.067, 1.487
1.073, 1.487
1.068, 1.489
1.068, 1.489
1.07, 1.489
1.07, 1.489
1.067, 1.492
1.067, 1.492
1.08, 1.493
1.08, 1.494
1.048, 1.494
1.054, 1.495
1.054, 1.498
1.061, 1.498
1.061, 1.499
1.048, 1.499
1.053, 1.5
1.048, 1.5010000000000001
1.048, 1.5030000000000001
1.051, 1.5030000000000001
1.034, 1.504
1.034, 1.506
1.029, 1.506
1.042, 1.5070000000000001
1.042, 1.5070000000000001
1.029, 1.5090000000000001
1.029, 1.5090000000000001
1.03, 1.5090000000000001
1.041, 1.5110000000000001
1.041, 1.5110000000000001
1.03, 1.512
1.03, 1.5110000000000001
1.034, 1.5110000000000001
1.01, 1.5110000000000001
1.01, 1.5110000000000001
1.01, 1.5110000000000001
1.01, 1.5070000000000001
1.0150000000000001, 1.5070000000000001
1.01, 1.5010000000000001
1.024, 1.5
1.024, 1.5010000000000001
1.01, 1.5010000000000001
1.0090000000000001, 1.504
1.0210000000000001, 1.504
0.992, 1.504
0.992, 1.506
1.0010000000000001, 1.506
0.999, 1.5090000000000001
0.999, 1.5090000000000001
0.992, 1.5110000000000001
0.992, 1.512
0.996, 1.512
0.991, 1.5150000000000001
0.991, 1.5150000000000001
1.0030000000000001, 1.518
0.995, 1.518
0.995, 1.5210000000000001
0.976, 1.5210000000000001
0.982, 1.522
0.973, 1.5230000000000001
0.973, 1.5250000000000001
0.978, 1.5250000000000001
0.981, 1.526
0.981, 1.526
0.971, 1.526
0.976, 1.5270000000000001
0.976, 1.5270000000000001
0.971, 1.528
0.971, 1.5290000000000001
0.975, 1.5290000000000001
0.976, 1.5310000000000001
0.976, 1.532
0.9540000000000001, 1.532
0.963, 1.5330000000000001
0.963, 1.534
0.9530000000000001, 1.534
0.9530000000000001, 1.534
0.962, 1.537
0.962, 1.538
0.9570000000000001, 1.539
0.9570000000000001, 1.539
0.9530000000000001, 1.54
0.9530000000000001, 1.542
0.9530000000000001, 1.542
0.9570000000000001, 1.542
0.9570000000000001, 1.542
0.9530000000000001, 1.544
0.963, 1.544
0.963, 1.544
0.936, 1.547
0.936, 1.547
0.934, 1.547
0.934, 1.547
0.9430000000000001, 1.549
0.935, 1.549
0.935, 1.549
0.9380000000000001, 1.55
0.9380000000000001, 1.551
0.9400000000000001, 1.551
0.935, 1.551
0.937, 1.553
0.937, 1.554
0.934, 1.554
0.9420000000000001, 1.554
0.937, 1.555
0.937, 1.556
0.935, 1.556
0.935, 1.557
0.9410000000000001, 1.559
0.912, 1.559
0.915, 1.56
0.915, 1.561
0.916, 1.562
0.912, 1.562
0.914, 1.562
0.912, 1.564
0.912, 1.566
0.914, 1.566
0.916, 1.567
0.916, 1.567
0.912, 1.567
0.912, 1.567
0.919, 1.567
0.892, 1.57
0.892, 1.57
0.893, 1.571
0.893, 1.571
0.898, 1.571
0.891, 1.572
0.891, 1.572
0.896, 1.572
0.892, 1.575
0.892, 1.575
0.892, 1.575
0.901, 1.576
0.901, 1.576
0.891, 1.576
0.891, 1.577
0.899, 1.577
0.899, 1.578
0.902, 1.578
0.892, 1.579
0.892, 1.579
0.898, 1.582
0.898, 1.582
0.873, 1.581
0.873, 1.581
0.876, 1.582
0.876, 1.583
0.877, 1.583
0.877, 1.583
0.874, 1.584
0.874, 1.584
0.877, 1.584
0.873, 1.586
0.873, 1.586
0.885, 1.587
0.885, 1.587
0.885, 1.587
0.874, 1.588
0.874, 1.589
0.879, 1.589
0.873, 1.588
0.873, 1.588
0.876, 1.589
0.876, 1.592
0.877, 1.592
0.857, 1.593
0.857, 1.593
0.859, 1.592
0.859, 1.594
0.853, 1.594
0.855, 1.595
0.855, 1.595
0.868, 1.595
0.868, 1.595
0.854, 1.597
0.854, 1.597
0.859, 1.597
0.859, 1.597
0.853, 1.597
0.854, 1.599
0.854, 1.599
0.859, 1.599
0.859, 1.599
0.853, 1.599
0.86, 1.6
0.86, 1.6
0.835, 1.6
0.835, 1.6
0.833, 1.6
0.848, 1.601
0.848, 1.601
0.833, 1.603
0.833, 1.604
0.841, 1.604
0.843, 1.604
0.843, 1.605
0.833, 1.605
0.842, 1.605
0.833, 1.605
0.843, 1.605
0.843, 1.605
0.838, 1.6
0.838, 1.593
0.835, 1.593
0.835, 1.59
0.848, 1.59
0.835, 1.587
0.835, 1.587
0.84, 1.586
0.84, 1.587
0.844, 1.587
0.844, 1.588
0.835, 1.588
0.835, 1.589
0.84, 1.589
0.84, 1.59
0.8150000000000001, 1.59
0.8160000000000001, 1.592
0.8160000000000001, 1.594
0.8200000000000001, 1.594
0.8200000000000001, 1.594
0.8150000000000001, 1.594
0.8150000000000001, 1.595
0.8270000000000001, 1.595
0.8140000000000001, 1.595
0.8140000000000001, 1.595
0.8150000000000001, 1.597
0.8150000000000001, 1.597
0.8260000000000001, 1.598
0.8260000000000001, 1.598
0.8150000000000001, 1.597
0.8150000000000001, 1.597
0.8200000000000001, 1.599
0.8200000000000001, 1.599
0.8150000000000001, 1.599
0.8150000000000001, 1.598
0.8150000000000001, 1.598
0.8150000000000001, 1.599
0.8190000000000001, 1.599
0.796, 1.6
0.796, 1.6
0.807, 1.601
0.796, 1.601
0.796, 1.604
0.796, 1.601
0.805, 1.601
0.796, 1.604
0.796, 1.604
0.8, 1.604
0.802, 1.605
0.802, 1.606
0.797, 1.606
0.797, 1.608
0.802, 1.608
0.796, 1.608
0.796, 1.608
0.803, 1.61
0.798, 1.61
0.798, 1.611
0.797, 1.611
0.805, 1.611
0.805, 1.612
0.776, 1.612
0.781, 1.614
0.781, 1.614
0.786, 1.616
0.786, 1.617
0.777, 1.617
0.777, 1.616
0.781, 1.616
0.777, 1.617
0.777, 1.617
0.78, 1.62
0.78, 1.62
0.78, 1.62
0.776, 1.621
0.776, 1.621
0.786, 1.621
0.776, 1.621
0.776, 1.621
0.777, 1.621
0.786, 1.623
0.777, 1.625
0.777, 1.625
0.78, 1.625
0.776, 1.6260000000000001
0.776, 1.6260000000000001
0.777, 1.6260000000000001
0.777, 1.627
0.78, 1.627
0.78, 1.6280000000000001
0.758, 1.6280000000000001
0.766, 1.631
0.766, 1.633
0.761, 1.633
0.759, 1.6360000000000001
0.759, 1.6360000000000001
0.765, 1.637
0.765, 1.6380000000000001
0.758, 1.6380000000000001
0.761, 1.639
0.761, 1.639
0.763, 1.641
0.763, 1.643
0.759, 1.643
0.76, 1.643
0.76, 1.643
0.757, 1.645
0.757, 1.6480000000000001
0.768, 1.6480000000000001
0.765, 1.6480000000000001
0.759, 1.6500000000000001
0.759, 1.6500000000000001
0.765, 1.6500000000000001
0.758, 1.6520000000000001
0.758, 1.653
0.761, 1.653
0.744, 1.653
0.744, 1.653
0.738, 1.6540000000000001
0.742, 1.6560000000000001
0.742, 1.659
0.739, 1.659
0.739, 1.659
0.739, 1.6600000000000001
0.748, 1.6600000000000001
0.738, 1.661
0.738, 1.663
0.746, 1.663
0.738, 1.6640000000000001
0.738, 1.665
0.738, 1.665
0.744, 1.666
0.744, 1.667
0.738, 1.667
0.738, 1.669
0.744, 1.669
0.739, 1.67
0.739, 1.67
0.738, 1.67
0.738, 1.671
0.743, 1.671
0.737, 1.672
0.737, 1.673
0.746, 1.673
0.746, 1.673
0.728, 1.673
0.72, 1.675
0.72, 1.675
0.724, 1.673
0.724, 1.675
0.719, 1.675
0.721, 1.675
0.721, 1.676
0.724, 1.676
0.72, 1.676
0.72, 1.676
0.724, 1.675
0.717, 1.673
0.717, 1.672
0.725, 1.672
0.731, 1.673
0.731, 1.671
0.719, 1.671
0.725, 1.671
0.725, 1.671
0.719, 1.672
0.719, 1.672
0.721, 1.672
0.724, 1.676
0.724, 1.676
0.7000000000000001, 1.675
0.7000000000000001, 1.676
0.713, 1.676
0.6990000000000001, 1.677
0.6990000000000001, 1.677
0.7000000000000001, 1.68
0.711, 1.68
0.6990000000000001, 1.678
0.6990000000000001, 1.68
0.705, 1.68
0.6990000000000001, 1.676
0.6990000000000001, 1.676
0.7000000000000001, 1.677
0.7000000000000001, 1.677
0.704, 1.677
0.7000000000000001, 1.678
0.7000000000000001, 1.678
0.714, 1.681
0.714, 1.683
0.7000000000000001, 1.683
0.6990000000000001, 1.683
0.6990000000000001, 1.684
0.71, 1.684
0.71, 1.684
0.681, 1.684
0.686, 1.687
0.686, 1.687
0.687, 1.687
0.68, 1.688
0.684, 1.689
0.68, 1.689
0.68, 1.693
0.6930000000000001, 1.693
0.6930000000000001, 1.693
0.686, 1.693
0.681, 1.693
0.681, 1.693
0.6920000000000001, 1.693
0.68, 1.694
0.68, 1.693
0.686, 1.693
0.686, 1.694
0.6890000000000001, 1.694
0.68, 1.694
0.68, 1.694
0.684, 1.694
0.681, 1.695
0.681, 1.698
0.682, 1.698
0.665, 1.699
0.665, 1.702
0.661, 1.702
0.671, 1.705
0.661, 1.706
0.661, 1.706
0.661, 1.708
0.661, 1.709
0.67, 1.709
0.661, 1.71
0.661, 1.711
0.665, 1.711
0.661, 1.713
0.661, 1.714
0.661, 1.714
0.665, 1.715
0.665, 1.715
0.66, 1.717
0.671, 1.719
0.671, 1.719
0.661, 1.72
0.655, 1.721
0.655, 1.724
0.65, 1.724
0.66, 1.725
0.66, 1.725
0.664, 1.725
0.664, 1.726
0.65, 1.726
0.642, 1.728
0.642, 1.73
0.645, 1.73
0.642, 1.732
0.642, 1.733
0.652, 1.733
0.644, 1.735
0.644, 1.737
0.642, 1.737
0.65, 1.739
0.65, 1.741
0.642, 1.741
0.642, 1.743
0.645, 1.743
0.649, 1.743
0.649, 1.744
0.642, 1.744
0.644, 1.746
0.644, 1.747
0.641, 1.747
0.642, 1.748
0.642, 1.748
0.647, 1.748
0.642, 1.749
0.642, 1.749
0.649, 1.749
0.622, 1.749
0.622, 1.748
0.622, 1.748
0.63, 1.748
0.622, 1.749
0.622, 1.749
0.626, 1.749
0.626, 1.75
0.622, 1.75
0.623, 1.752
0.623, 1.75
0.63, 1.75
0.622, 1.747
0.622, 1.747
0.63, 1.748
0.63, 1.748
0.633, 1.748
0.622, 1.749
0.622, 1.752
0.63, 1.752
0.622, 1.7530000000000001
0.622, 1.7530000000000001
0.626, 1.7530000000000001
0.627, 1.752
0.627, 1.752
0.621, 1.752
0.621, 1.7530000000000001
0.632, 1.7530000000000001
0.621, 1.754
0.621, 1.754
0.63, 1.7550000000000001
0.63, 1.7570000000000001
0.631, 1.7570000000000001
0.617, 1.758
0.617, 1.758
0.623, 1.758
0.616, 1.7590000000000001
0.616, 1.7590000000000001
0.622, 1.76
0.622, 1.7610000000000001
0.622, 1.764
0.616, 1.7650000000000001
0.627, 1.7650000000000001
0.617, 1.7650000000000001
0.617, 1.7650000000000001
0.617, 1.766
0.617, 1.7690000000000001
0.631, 1.7690000000000001
0.616, 1.768
0.616, 1.768
0.623, 1.7690000000000001
0.623, 1.77
0.616, 1.77
0.616, 1.7710000000000001
0.617, 1.7710000000000001
0.622, 1.7710000000000001
0.622, 1.772
0.616, 1.772
0.63, 1.772
0.63, 1.7750000000000001
0.597, 1.7750000000000001
0.597, 1.774
0.597, 1.774
0.609, 1.774
0.609, 1.7750000000000001
0.598, 1.7750000000000001
0.603, 1.7750000000000001
0.603, 1.7750000000000001
0.605, 1.7770000000000001
0.597, 1.778
0.597, 1.78
0.601, 1.78
0.597, 1.7810000000000001
0.597, 1.7830000000000001
0.61, 1.7830000000000001
0.6, 1.7830000000000001
0.6, 1.7830000000000001
0.598, 1.786
0.598, 1.7870000000000001
0.609, 1.7870000000000001
0.598, 1.788
0.598, 1.7890000000000001
0.603, 1.7910000000000001
0.608, 1.792
0.597, 1.792
0.597, 1.794
0.603, 1.794
0.577, 1.794
0.577, 1.794
0.579, 1.796
0.579, 1.798
0.586, 1.798
0.577, 1.799
0.577, 1.799
0.592, 1.8
0.592, 1.802
0.578, 1.802
0.577, 1.802
0.587, 1.804
0.587, 1.804
0.577, 1.805
0.577, 1.807
0.583, 1.808
0.577, 1.808
0.578, 1.804
0.578, 1.804
0.581, 1.804
0.581, 1.807
0.578, 1.807
0.583, 1.808
0.584, 1.805
0.584, 1.805
0.577, 1.807
0.577, 1.808
0.587, 1.808
0.577, 1.81
0.577, 1.81
0.582, 1.813
0.583, 1.813
0.577, 1.815
0.581, 1.816
0.581, 1.818
0.5760000000000001, 1.818
0.587, 1.816
0.587, 1.818
0.588, 1.818
0.56, 1.819
0.56, 1.821
0.5660000000000001, 1.821
0.557, 1.822
0.557, 1.822
0.561, 1.821
0.561, 1.821
0.5650000000000001, 1.82
0.559, 1.82
0.561, 1.82
0.561, 1.82
0.557, 1.82
0.559, 1.821
0.559, 1.821
0.5710000000000001, 1.822
0.5710000000000001, 1.822
0.557, 1.822
0.5660000000000001, 1.824
0.557, 1.825
0.557, 1.825
0.557, 1.825
0.5650000000000001, 1.826
0.5650000000000001, 1.827
0.557, 1.827
0.56, 1.827
0.56, 1.829
0.557, 1.829
0.557, 1.83
0.557, 1.83
0.5720000000000001, 1.83
0.559, 1.832
0.559, 1.833
0.5650000000000001, 1.833
0.5680000000000001, 1.836
0.547, 1.835
0.547, 1.835
0.548, 1.835
0.548, 1.836
0.556, 1.836
0.56, 1.838
0.56, 1.838
0.5640000000000001, 1.84
0.5640000000000001, 1.84
0.543, 1.84
0.553, 1.842
0.553, 1.841
0.538, 1.841
0.545, 1.842
0.545, 1.843
0.551, 1.843
0.538, 1.844
0.538, 1.846
0.544, 1.846
0.537, 1.848
0.537, 1.851
0.542, 1.851
0.544, 1.852
0.544, 1.852
0.538, 1.851
0.538, 1.852
0.55, 1.852
0.55, 1.853
0.538, 1.853
0.539, 1.855
0.539, 1.857
0.551, 1.857
0.538, 1.859
0.538, 1.859
0.544, 1.859
0.544, 1.86
0.538, 1.86
0.538, 1.859
0.544, 1.86
0.539, 1.862
0.539, 1.862
0.551, 1.863
0.551, 1.865
0.539, 1.865
0.539, 1.866
0.539, 1.865
0.55, 1.865
0.52, 1.869
0.52, 1.869
0.525, 1.869
0.525, 1.869
0.527, 1.869
0.517, 1.871
0.517, 1.873
0.523, 1.873
0.518, 1.873
0.518, 1.874
0.521, 1.874
0.522, 1.873
0.522, 1.875
0.518, 1.875
0.531, 1.8760000000000001
0.531, 1.8760000000000001
0.518, 1.879
0.525, 1.8800000000000001
0.525, 1.8800000000000001
0.528, 1.8800000000000001
0.528, 1.8820000000000001
0.518, 1.8820000000000001
0.526, 1.8840000000000001
0.526, 1.885
0.517, 1.885
0.517, 1.887
0.52, 1.887
0.522, 1.8880000000000001
0.522, 1.891
0.517, 1.891
0.529, 1.893
0.529, 1.8960000000000001
0.517, 1.8960000000000001
0.518, 1.8960000000000001
0.518, 1.899
0.528, 1.899
0.517, 1.901
0.517, 1.901
0.525, 1.903
0.525, 1.9040000000000001
0.518, 1.9040000000000001
0.518, 1.9040000000000001
0.517, 1.9040000000000001
0.522, 1.907
0.522, 1.9080000000000001
0.499, 1.9080000000000001
0.51, 1.909
0.498, 1.9100000000000001
0.498, 1.913
0.498, 1.913
0.498, 1.915
0.51, 1.915
0.498, 1.9160000000000001
0.498, 1.9160000000000001
0.503, 1.9180000000000001
0.503, 1.9180000000000001
0.505, 1.919
0.505, 1.919
0.499, 1.921
0.499, 1.921
0.503, 1.924
0.503, 1.924
0.499, 1.925
0.499, 1.925
0.51, 1.927
0.51, 1.927
0.501, 1.929
0.501, 1.929
0.499, 1.93
0.499, 1.93
0.507, 1.931
0.507, 1.934
0.498, 1.936
0.504, 1.936
0.506, 1.936
0.506, 1.94
0.499, 1.94
0.499, 1.94
0.503, 1.94
0.499, 1.942
0.499, 1.942
0.501, 1.945
0.501, 1.945
0.501, 1.946
0.501, 1.946
0.498, 1.946
0.498, 1.948
0.507, 1.948
0.498, 1.949
0.498, 1.949
0.5, 1.952
0.5, 1.952
0.506, 1.952
0.47900000000000004, 1.954
0.47900000000000004, 1.958
0.483, 1.958
0.47900000000000004, 1.959
0.47900000000000004, 1.959
0.47800000000000004, 1.959
0.483, 1.962
0.483, 1.958
0.47800000000000004, 1.958
0.487, 1.96
0.487, 1.96
0.492, 1.962
0.492, 1.964
0.47900000000000004, 1.964
0.485, 1.965
0.485, 1.968
0.47900000000000004, 1.968
0.483, 1.969
0.483, 1.97
0.487, 1.973
0.47800000000000004, 1.975
0.487, 1.975
0.47800000000000004, 1.976
0.47800000000000004, 1.978
0.487, 1.978
0.494, 1.981
0.494, 1.981
0.47900000000000004, 1.984
0.47900000000000004, 1.986
0.485, 1.986
0.47900000000000004, 1.989
0.47900000000000004, 1.989
0.482, 1.99
0.482, 1.992
0.466, 1.992
0.459, 1.995
0.459, 1.995
0.466, 1.996
0.466, 1.997
0.46, 1.998
0.461, 1.998
0.461, 2.001
0.47300000000000003, 2.001
0.46, 2.003
0.46, 2.0060000000000002
0.467, 2.0060000000000002
0.461, 2.007
0.461, 2.007
0.46, 2.007
0.466, 2.008
0.466, 2.007
0.459, 2.007
0.468, 2.009
0.468, 2.0060000000000002
0.459, 2.0060000000000002
0.459, 1.997
0.47300000000000003, 1.992
0.47300000000000003, 1.992
0.439, 1.993
0.446, 1.993
0.449, 1.993
0.449, 1.996
0.439, 1.996
0.445, 1.999
0.445, 1.999
0.439, 1.998
0.439, 2.001
0.45, 2.001
0.443, 2.003
0.44, 2.0060000000000002
0.44, 2.0060000000000002
0.452, 2.0060000000000002
0.439, 2.008
0.439, 2.008
0.449, 2.009
0.449, 2.0100000000000002
0.449, 2.0100000000000002
0.439, 2.0100000000000002
0.439, 2.0100000000000002
0.445, 2.0140000000000002
0.445, 2.017
0.439, 2.017
0.442, 2.017
0.442, 2.017
0.445, 2.0180000000000002
0.445, 2.019
0.439, 2.019
0.452, 2.023
0.452, 2.023
0.439, 2.025
0.44, 2.028
0.45, 2.0300000000000002
0.45, 2.031
0.421, 2.031
0.426, 2.032
0.426, 2.032
0.42, 2.036
0.42, 2.039
0.42, 2.039
0.426, 2.0420000000000003
0.426, 2.0420000000000003
0.42, 2.045
0.42, 2.047
0.432, 2.047
0.42, 2.051
0.42, 2.051
0.421, 2.052
0.429, 2.056
0.429, 2.056
0.42, 2.057
0.42, 2.061
0.426, 2.062
0.427, 2.062
0.427, 2.065
0.421, 2.068
0.424, 2.068
0.424, 2.072
0.42, 2.072
0.432, 2.074
0.432, 2.076
0.404, 2.076
0.404, 2.079
0.4, 2.079
0.41000000000000003, 2.081
0.41000000000000003, 2.084
0.4, 2.084
0.405, 2.085
0.405, 2.089
0.40900000000000003, 2.089
0.4, 2.09
0.4, 2.092
0.404, 2.092
0.4, 2.096
0.4, 2.1
0.402, 2.102
0.404, 2.102
0.401, 2.103
0.401, 2.106
0.41300000000000003, 2.106
0.4, 2.106
0.4, 2.107
0.4, 2.107
0.389, 2.111
0.389, 2.111
0.38, 2.112
0.38, 2.114
0.384, 2.114
0.38, 2.115
0.38, 2.115
0.38, 2.118
0.38, 2.12
0.384, 2.12
0.38, 2.123
0.38, 2.125
0.389, 2.125
0.389, 2.126
0.389, 2.129
0.382, 2.13
0.388, 2.13
0.388, 2.133
0.38, 2.133
0.385, 2.137
0.385, 2.137
0.387, 2.137
0.379, 2.137
0.379, 2.14
0.385, 2.14
0.382, 2.142
0.382, 2.145
0.388, 2.145
0.394, 2.146
0.394, 2.1470000000000002
0.38, 2.1510000000000002
0.38, 2.153
0.38, 2.156
0.384, 2.156
0.384, 2.158
0.369, 2.158
0.379, 2.161
0.379, 2.161
0.387, 2.1630000000000003
0.387, 2.164
0.361, 2.164
0.361, 2.164
0.362, 2.164
0.376, 2.1670000000000003
0.376, 2.169
0.361, 2.169
0.367, 2.172
0.367, 2.172
0.361, 2.173
0.361, 2.177
0.362, 2.177
0.367, 2.179
0.367, 2.18
0.361, 2.18
0.369, 2.18
0.369, 2.183
0.361, 2.183
0.361, 2.185
0.361, 2.185
0.377, 2.186
0.377, 2.19
0.361, 2.19
0.361, 2.191
0.367, 2.191
0.369, 2.192
0.369, 2.192
0.361, 2.195
0.361, 2.195
0.367, 2.197
0.367, 2.197
0.341, 2.2
0.341, 2.2
0.356, 2.201
0.34500000000000003, 2.203
0.34500000000000003, 2.203
0.343, 2.206
0.355, 2.208
0.355, 2.211
0.34, 2.211
0.34700000000000003, 2.214
0.34700000000000003, 2.214
0.352, 2.216
0.352, 2.216
0.341, 2.218
0.341, 2.218
0.34600000000000003, 2.22
0.34600000000000003, 2.223
0.341, 2.223
0.341, 2.223
0.34400000000000003, 2.223
0.34400000000000003, 2.225
0.34600000000000003, 2.225
0.34600000000000003, 2.229
0.341, 2.229
0.354, 2.233
0.354, 2.233
0.341, 2.235
0.341, 2.238
0.341, 2.238
0.352, 2.242
0.352, 2.245
0.34, 2.245
0.34600000000000003, 2.245
0.34600000000000003, 2.247
0.34, 2.247
0.34, 2.251
0.341, 2.255
0.34500000000000003, 2.255
0.34, 2.2560000000000002
0.34, 2.257
0.352, 2.257
0.322, 2.257
0.322, 2.258
0.322, 2.258
0.335, 2.261
0.321, 2.262
0.321, 2.2640000000000002
0.327, 2.2640000000000002
0.329, 2.267
0.329, 2.269
0.322, 2.269
0.326, 2.271
0.326, 2.2720000000000002
0.322, 2.2720000000000002
0.333, 2.273
0.333, 2.274
0.326, 2.274
0.322, 2.275
0.322, 2.277
0.332, 2.279
0.321, 2.279
0.327, 2.2800000000000002
0.327, 2.2800000000000002
0.329, 2.2840000000000003
0.329, 2.286
0.322, 2.286
0.326, 2.286
0.326, 2.29
0.322, 2.29
0.322, 2.291
0.324, 2.293
0.327, 2.293
0.327, 2.294
0.321, 2.294
0.33, 2.2960000000000003
0.33, 2.2960000000000003
0.321, 2.3000000000000003
0.321, 2.301
0.323, 2.301
0.329, 2.302
0.329, 2.302
0.321, 2.305
0.321, 2.306
0.327, 2.306
0.322, 2.305
0.322, 2.308
0.327, 2.312
0.327, 2.313
0.321, 2.313
0.33, 2.316
0.33, 2.319
0.335, 2.319
0.335, 2.318
0.305, 2.318
0.305, 2.321
0.305, 2.321
0.296, 2.321
0.302, 2.323
0.302, 2.326
0.302, 2.326
0.297, 2.327
0.297, 2.33
0.305, 2.33
0.296, 2.332
0.296, 2.335
0.307, 2.335
0.301, 2.334
0.301, 2.335
0.297, 2.335
0.304, 2.336
0.304, 2.339
0.296, 2.339
0.3, 2.339
0.3, 2.339
0.304, 2.343
0.297, 2.341
0.297, 2.344
0.311, 2.344
0.311, 2.346
0.296, 2.346
0.297, 2.349
0.297, 2.352
0.312, 2.352
0.297, 2.354
0.297, 2.354
0.304, 2.356
0.304, 2.355
0.296, 2.355
0.297, 2.358
0.297, 2.358
0.302, 2.36
0.302, 2.361
0.296, 2.361
0.308, 2.362
0.308, 2.362
0.297, 2.365
0.297, 2.367
0.297, 2.367
0.31, 2.368
0.31, 2.371
0.296, 2.371
0.302, 2.371
0.302, 2.371
0.307, 2.373
0.297, 2.374
0.297, 2.3770000000000002
0.302, 2.3770000000000002
0.296, 2.3770000000000002
0.296, 2.379
0.31, 2.383
0.302, 2.383
0.302, 2.382
0.296, 2.382
0.31, 2.383
0.31, 2.383
0.297, 2.3850000000000002
0.297, 2.388
0.304, 2.388
0.28800000000000003, 2.3890000000000002
0.28800000000000003, 2.391
0.278, 2.394
0.28200000000000003, 2.394
0.297, 2.396
0.299, 2.396
0.299, 2.4
0.301, 2.4
0.277, 2.4
0.277, 2.4
0.289, 2.4
0.289, 2.402
0.277, 2.402
0.277, 2.404
0.277, 2.404
0.28600000000000003, 2.406
0.28600000000000003, 2.406
0.277, 2.407
0.277, 2.4090000000000003
0.28200000000000003, 2.4090000000000003
0.277, 2.4090000000000003
0.277, 2.4090000000000003
0.278, 2.411
0.28200000000000003, 2.41
0.28200000000000003, 2.4130000000000003
0.278, 2.4130000000000003
0.28800000000000003, 2.4130000000000003
0.28800000000000003, 2.415
0.277, 2.415
0.277, 2.416
0.277, 2.416
0.28600000000000003, 2.418
0.277, 2.4210000000000003
0.277, 2.4210000000000003
0.28, 2.4210000000000003
0.28, 2.422
0.28300000000000003, 2.422
0.278, 2.424
0.278, 2.424
0.28, 2.424
0.28, 2.426
0.277, 2.426
0.28800000000000003, 2.428
0.28800000000000003, 2.428
0.279, 2.4290000000000003
0.277, 2.432
0.277, 2.434
0.28800000000000003, 2.434
0.277, 2.434
0.277, 2.434
0.277, 2.437
0.28200000000000003, 2.437
0.28400000000000003, 2.435
0.28400000000000003, 2.437
0.278, 2.437
0.28, 2.437
0.28, 2.437
0.278, 2.439
0.278, 2.44
0.279, 2.44
0.28, 2.443
0.28, 2.443
0.277, 2.443
0.28500000000000003, 2.445
0.28500000000000003, 2.445
0.278, 2.448
0.278, 2.449
0.278, 2.449
0.28400000000000003, 2.449
0.28400000000000003, 2.451
0.275, 2.451
0.28200000000000003, 2.454
0.277, 2.456
0.277, 2.455
0.277, 2.455
0.277, 2.457
0.28300000000000003, 2.457
0.275, 2.459
0.275, 2.457
0.28500000000000003, 2.457
0.289, 2.457
0.289, 2.457
0.277, 2.46
0.277, 2.461
0.28400000000000003, 2.462
0.258, 2.462
0.26, 2.463
0.26, 2.463
0.28200000000000003, 2.463
0.28200000000000003, 2.466
0.277, 2.466
0.28600000000000003, 2.468
0.28600000000000003, 2.468
0.277, 2.47
0.277, 2.47
0.28400000000000003, 2.473
0.29, 2.473
0.278, 2.474
0.278, 2.476
0.28400000000000003, 2.476
0.256, 2.474
0.26, 2.476
0.26, 2.477
0.262, 2.477
0.257, 2.479
0.257, 2.479
0.272, 2.479
0.272, 2.481
0.257, 2.482
0.257, 2.482
0.271, 2.483
0.271, 2.483
0.257, 2.485
0.263, 2.487
0.263, 2.487
0.256, 2.489
0.256, 2.49
0.257, 2.49
0.262, 2.492
0.262, 2.494
0.257, 2.494
0.271, 2.496
0.256, 2.498
0.256, 2.499
0.256, 2.499
0.256, 2.5
0.271, 2.5
0.257, 2.501
0.257, 2.501
0.263, 2.503
0.264, 2.503
0.264, 2.503
0.256, 2.505
0.256, 2.507
0.262, 2.507
0.256, 2.5100000000000002
0.256, 2.5100000000000002
0.271, 2.511
0.271, 2.5140000000000002
0.262, 2.5140000000000002
0.256, 2.5140000000000002
0.256, 2.515
0.268, 2.515
0.268, 2.5180000000000002
0.257, 2.5180000000000002
0.263, 2.52
0.263, 2.52
0.267, 2.52
0.256, 2.523
0.256, 2.525
0.262, 2.5260000000000002
0.256, 2.5260000000000002
0.256, 2.529
0.26, 2.529
0.261, 2.531
0.261, 2.533
0.257, 2.533
0.268, 2.537
0.268, 2.537
0.257, 2.54
0.257, 2.54
0.246, 2.54
0.256, 2.543
0.261, 2.545
0.261, 2.545
0.257, 2.545
0.25, 2.549
0.25, 2.549
0.241, 2.551
0.241, 2.553
0.23600000000000002, 2.553
0.23600000000000002, 2.556
0.249, 2.556
0.244, 2.557
0.244, 2.557
0.23600000000000002, 2.557
0.247, 2.561
0.247, 2.56
0.23600000000000002, 2.564
0.242, 2.564
0.242, 2.567
0.264, 2.567
0.241, 2.566
0.241, 2.566
0.24, 2.567
0.24, 2.571
0.23800000000000002, 2.571
0.247, 2.571
0.247, 2.575
0.241, 2.575
0.23600000000000002, 2.575
0.23600000000000002, 2.576
0.246, 2.576
0.23600000000000002, 2.578
0.242, 2.581
0.242, 2.582
0.244, 2.582
0.23800000000000002, 2.583
0.23800000000000002, 2.584
0.241, 2.587
0.23600000000000002, 2.587
0.24, 2.589
0.24, 2.589
0.251, 2.59
0.251, 2.592
0.23600000000000002, 2.592
0.246, 2.594
0.246, 2.594
0.23600000000000002, 2.595
0.23600000000000002, 2.598
0.23900000000000002, 2.598
0.245, 2.6
0.245, 2.604
0.23800000000000002, 2.603
0.24, 2.603
0.23600000000000002, 2.606
0.23600000000000002, 2.611
0.23800000000000002, 2.611
0.253, 2.614
0.253, 2.615
0.23600000000000002, 2.615
0.245, 2.617
0.245, 2.619
0.249, 2.619
0.23600000000000002, 2.62
0.23600000000000002, 2.62
0.242, 2.623
0.242, 2.623
0.23600000000000002, 2.623
0.241, 2.626
0.241, 2.626
0.222, 2.628
0.222, 2.632
0.234, 2.632
0.251, 2.636
0.251, 2.636
0.23600000000000002, 2.636
0.245, 2.638
0.231, 2.6390000000000002
0.217, 2.6430000000000002
0.224, 2.6470000000000002
0.224, 2.6470000000000002
0.217, 2.6470000000000002
0.217, 2.649
0.221, 2.649
0.221, 2.653
0.223, 2.653
0.217, 2.6550000000000002
0.217, 2.66
0.231, 2.66
0.218, 2.661
0.218, 2.664
0.218, 2.664
0.23, 2.6670000000000003
0.23, 2.6710000000000003
0.217, 2.6710000000000003
0.224, 2.673
0.224, 2.678
0.217, 2.678
0.217, 2.682
0.217, 2.6870000000000003
0.223, 2.6870000000000003
0.223, 2.689
0.217, 2.689
0.23, 2.693
0.23, 2.695
0.217, 2.695
0.217, 2.7
0.217, 2.7
0.229, 2.704
0.229, 2.706
0.217, 2.706
0.223, 2.71
0.223, 2.71
0.225, 2.713
0.225, 2.717
0.217, 2.717
0.223, 2.721
0.223, 2.726
0.217, 2.726
0.228, 2.728
0.228, 2.728
0.203, 2.733
0.203, 2.735
0.214, 2.735
0.214, 2.738
0.23, 2.738
0.217, 2.741
0.217, 2.742
0.223, 2.742
0.229, 2.744
0.229, 2.746
0.217, 2.746
0.222, 2.7520000000000002
0.222, 2.7520000000000002
0.217, 2.754
0.217, 2.754
0.221, 2.781
0.202, 2.8000000000000003
0.202, 2.8000000000000003
0.197, 2.8040000000000003
0.197, 2.807
0.20800000000000002, 2.807
0.197, 2.8080000000000003
0.197, 2.809
0.197, 2.809
0.227, 2.809
0.227, 2.809
0.197, 2.809
0.197, 2.813
0.203, 2.813
0.197, 2.813
0.197, 2.813
0.197, 2.813
0.201, 2.813
0.201, 2.814
0.197, 2.814
0.20800000000000002, 2.815
0.197, 2.815
0.197, 2.816
0.197, 2.816
0.20700000000000002, 2.818
0.20700000000000002, 2.818
0.196, 2.816
0.196, 2.816
0.201, 2.816
0.201, 2.818
0.203, 2.818
0.197, 2.819
0.197, 2.821
0.201, 2.821
0.197, 2.822
0.197, 2.824
0.20800000000000002, 2.824
0.20800000000000002, 2.824
0.201, 2.824
0.197, 2.824
0.197, 2.825
0.20600000000000002, 2.825
0.20600000000000002, 2.826
0.199, 2.826
0.201, 2.826
0.201, 2.826
0.20500000000000002, 2.826
0.197, 2.827
0.197, 2.827
0.2, 2.827
0.2, 2.829
0.197, 2.829
0.197, 2.829
0.199, 2.829
0.20500000000000002, 2.831
0.20500000000000002, 2.831
0.199, 2.831
0.20600000000000002, 2.831
0.196, 2.832
0.196, 2.833
0.197, 2.833
0.203, 2.835
0.197, 2.836
0.197, 2.836
0.202, 2.836
0.197, 2.836
0.197, 2.837
0.197, 2.837
0.197, 2.838
0.20700000000000002, 2.838
0.196, 2.838
0.196, 2.838
0.20600000000000002, 2.838
0.20600000000000002, 2.841
0.20600000000000002, 2.841
0.197, 2.842
0.197, 2.843
0.20800000000000002, 2.843
0.196, 2.843
0.196, 2.842
0.202, 2.842
0.202, 2.842
0.202, 2.843
0.197, 2.843
0.20800000000000002, 2.843
0.20800000000000002, 2.844
0.197, 2.844
0.197, 2.846
0.20500000000000002, 2.846
0.21, 2.846
0.21, 2.846
0.199, 2.847
0.203, 2.847
0.203, 2.847
0.197, 2.847
0.2, 2.848
0.2, 2.849
0.202, 2.849
0.197, 2.852
0.197, 2.853
0.21, 2.853
0.197, 2.853
0.197, 2.853
0.197, 2.854
0.197, 2.854
0.211, 2.854
0.197, 2.855
0.197, 2.857
0.20500000000000002, 2.857
0.197, 2.857
0.197, 2.857
0.197, 2.858
0.197, 2.86
0.202, 2.86
0.197, 2.863
0.197, 2.863
0.21, 2.863
0.197, 2.863
0.197, 2.864
0.197, 2.864
0.21, 2.864
0.21, 2.866
0.199, 2.866
0.199, 2.866
0.20500000000000002, 2.866
0.20500000000000002, 2.866
0.20500000000000002, 2.866
0.197, 2.866
0.197, 2.868
0.202, 2.869
0.199, 2.869
0.211, 2.868
0.201, 2.868
0.201, 2.868
0.197, 2.869
0.197, 2.868
0.20800000000000002, 2.868
0.197, 2.868
0.203, 2.868
0.203, 2.868
0.20600000000000002, 2.868
0.197, 2.868
0.197, 2.868
0.202, 2.868
0.202, 2.866
0.197, 2.866
0.201, 2.869
0.201, 2.868
0.201, 2.868
0.201, 2.869
0.197, 2.869
0.21, 2.869
0.21, 2.868
0.197, 2.868
0.197, 2.866
0.197, 2.866
0.20600000000000002, 2.866
0.197, 2.866
0.197, 2.865
0.201, 2.865
0.196, 2.868
0.196, 2.87
0.196, 2.87
0.196, 2.871
0.201, 2.871
0.197, 2.876
0.197, 2.8770000000000002
0.20800000000000002, 2.8770000000000002
0.197, 2.8770000000000002
0.197, 2.88
0.197, 2.88
0.20600000000000002, 2.884
0.20600000000000002, 2.8850000000000002
0.197, 2.8850000000000002
0.202, 2.8930000000000002
0.203, 2.904
0.196, 2.908
0.201, 2.9090000000000003
0.201, 2.912
0.197, 2.912
0.20700000000000002, 2.912
0.20700000000000002, 2.912
0.202, 2.9130000000000003
0.202, 2.9130000000000003
0.197, 2.9130000000000003
0.197, 2.9130000000000003
0.20500000000000002, 2.9130000000000003
0.20500000000000002, 2.914
0.197, 2.914
0.201, 2.915
0.201, 2.914
0.20500000000000002, 2.914
0.20500000000000002, 2.915
0.197, 2.915
0.201, 2.915
0.201, 2.915
0.197, 2.915
0.199, 2.915
0.199, 2.915
0.20500000000000002, 2.915
0.20500000000000002, 2.916
0.199, 2.916
0.199, 2.915
0.20500000000000002, 2.915
0.197, 2.915
0.197, 2.915
0.199, 2.916
0.199, 2.916
0.20500000000000002, 2.916
0.197, 2.915
0.197, 2.916
0.20600000000000002, 2.916
0.196, 2.916
0.199, 2.918
0.199, 2.918
0.212, 2.918
0.197, 2.916
0.203, 2.916
0.203, 2.916
0.20800000000000002, 2.916
0.197, 2.916
0.197, 2.916
0.20500000000000002, 2.916
0.20500000000000002, 2.916
0.197, 2.916
0.197, 2.918
0.201, 2.918
0.201, 2.916
0.201, 2.918
0.197, 2.918
0.197, 2.918
0.21, 2.918
0.197, 2.916
0.197, 2.916
0.20600000000000002, 2.916
0.21, 2.916
0.21, 2.916
0.197, 2.916
0.203, 2.916
0.203, 2.916
0.197, 2.916
0.197, 2.916
0.2, 2.916
0.203, 2.918
0.203, 2.916
0.196, 2.916
0.211, 2.916
0.211, 2.916
0.197, 2.916
0.197, 2.918
0.199, 2.918
0.21, 2.916
0.21, 2.916
0.197, 2.916
0.20500000000000002, 2.918
0.197, 2.916
0.197, 2.916
0.197, 2.916
0.202, 2.916
0.197, 2.916
0.197, 2.916
0.211, 2.916
0.196, 2.916
0.196, 2.916
0.197, 2.916
0.197, 2.916
0.21, 2.916
0.197, 2.918
0.197, 2.918
0.203, 2.916
0.203, 2.916
0.203, 2.918
0.197, 2.918
0.197, 2.918
0.203, 2.918
0.197, 2.916
0.211, 2.916
0.211, 2.916
0.203, 2.918
0.203, 2.916
0.199, 2.916
0.21, 2.916
0.21, 2.916
0.197, 2.916
0.202, 2.915
0.202, 2.915
0.213, 2.918
0.213, 2.915
0.197, 2.915
0.203, 2.916
0.197, 2.916
0.2, 2.915
0.2, 2.915
0.201, 2.915
0.197, 2.916
0.197, 2.915
0.20700000000000002, 2.915
0.197, 2.915
0.197, 2.915
0.197, 2.915
0.197, 2.916
0.20600000000000002, 2.916
0.197, 2.915
0.197, 2.915
0.202, 2.916
0.202, 2.915
0.197, 2.915
0.199, 2.916
0.199, 2.915
0.201, 2.915
0.201, 2.914
0.196, 2.914
0.20700000000000002, 2.914
0.20700000000000002, 2.914
0.199, 2.9130000000000003
0.197, 2.9130000000000003
0.20600000000000002, 2.9130000000000003
0.197, 2.9130000000000003
0.197, 2.9130000000000003
0.201, 2.914
0.203, 2.9130000000000003
0.203, 2.912
0.197, 2.912
0.201, 2.9130000000000003
0.201, 2.9130000000000003
0.197, 2.9130000000000003
0.197, 2.9130000000000003
0.211, 2.9130000000000003
0.20500000000000002, 2.9130000000000003
0.20500000000000002, 2.912
0.197, 2.912
0.20600000000000002, 2.9130000000000003
0.217, 2.9130000000000003
0.217, 2.9130000000000003
0.221, 2.9130000000000003
0.263, 2.9130000000000003
0.263, 2.9130000000000003
0.294, 2.9130000000000003
0.301, 2.912
0.301, 2.912
0.418, 2.9130000000000003
0.421, 2.9130000000000003
0.421, 2.9130000000000003
0.586, 2.9130000000000003
0.586, 2.9130000000000003
0.758, 2.912
0.782, 2.912
1.119, 2.914
1.119, 2.9130000000000003
1.123, 2.9130000000000003
1.594, 2.9130000000000003
1.84, 2.9130000000000003
1.84, 2.9130000000000003
1.893, 2.9130000000000003
1.96, 2.914
1.96, 2.914
1.962, 2.914
1.962, 2.914
1.899, 2.914
1.874, 2.914
1.874, 2.915
1.8800000000000001, 2.915
1.8800000000000001, 2.914
1.952, 2.914
1.945, 2.915
1.945, 2.915
1.967, 2.914
1.927, 2.914
1.927, 2.915
1.93, 2.914
1.8960000000000001, 2.914
1.899, 2.915
1.971, 2.914
1.971, 2.914
2.0460000000000003, 2.914
2.057, 2.914
2.057, 2.915
1.992, 2.915
1.909, 2.914
1.909, 2.914
1.862, 2.915
1.873, 2.914
1.873, 2.916
1.8760000000000001, 2.916
2.0020000000000002, 2.915
2.0020000000000002, 2.915
2.035, 2.915
2.059, 2.915
2.086, 2.915
2.086, 2.915
2.087, 2.915
2.087, 2.915
2.188, 2.915
2.267, 2.915
2.267, 2.915
2.3040000000000003, 2.916
2.3040000000000003, 2.915
2.382, 2.915
2.3850000000000002, 2.915
2.3850000000000002, 2.915
2.456, 2.915
2.494, 2.915
2.494, 2.915
2.5140000000000002, 2.915
2.5540000000000003, 2.915
2.5540000000000003, 2.915
2.555, 2.915
2.599, 2.915
2.588, 2.915
2.595, 2.915
2.595, 2.915
2.582, 2.915
2.582, 2.915
2.572, 2.915
2.577, 2.915
2.577, 2.915
2.572, 2.915
2.582, 2.914
2.582, 2.916
2.543, 2.916
2.539, 2.916
2.539, 2.915
2.516, 2.915
2.489, 2.915
2.489, 2.914
2.493, 2.914
2.481, 2.915
2.481, 2.915
2.471, 2.915
2.474, 2.915
2.474, 2.915
2.487, 2.915
2.487, 2.914
2.49, 2.914
2.509, 2.915
2.509, 2.915
2.5140000000000002, 2.915
2.533, 2.915
2.533, 2.914
2.5380000000000003, 2.914
2.539, 2.915
2.539, 2.914
2.566, 2.914
2.556, 2.915
2.556, 2.915
2.56, 2.915
2.56, 2.915
2.556, 2.914
2.556, 2.914
2.556, 2.915
2.561, 2.915
2.5420000000000003, 2.915
2.5420000000000003, 2.914
2.551, 2.914
2.551, 2.915
2.5220000000000002, 2.915
2.5220000000000002, 2.915
2.5220000000000002, 2.915
2.499, 2.915
2.472, 2.914
2.472, 2.915
2.474, 2.915
2.461, 2.915
2.461, 2.915
2.454, 2.914
2.442, 2.914
2.442, 2.914
2.454, 2.914
2.454, 2.914
2.465, 2.915
2.465, 2.914
2.457, 2.914
2.452, 2.914
2.463, 2.914
2.463, 2.914
2.454, 2.914
2.459, 2.915
2.459, 2.915
2.479, 2.914
2.479, 2.915
2.476, 2.915
2.492, 2.914
2.492, 2.914
2.487, 2.914
2.489, 2.914
2.489, 2.914
2.492, 2.914
2.487, 2.915
2.487, 2.914
2.498, 2.914
2.488, 2.915
2.488, 2.915
2.489, 2.915
2.496, 2.915
2.496, 2.914
2.474, 2.914
2.474, 2.915
2.474, 2.915
2.488, 2.914
2.487, 2.914
2.487, 2.914
2.492, 2.914
2.473, 2.915
2.473, 2.914
2.481, 2.914
2.472, 2.915
2.471, 2.915
2.471, 2.915
2.498, 2.915
2.488, 2.914
2.492, 2.915
2.492, 2.915
2.511, 2.915
2.511, 2.915
2.504, 2.915
2.509, 2.914
2.509, 2.915
2.505, 2.915
2.515, 2.915
2.515, 2.915
2.507, 2.915
2.505, 2.915
2.496, 2.915
2.488, 2.915
2.492, 2.915
2.492, 2.914
2.495, 2.914
2.482, 2.915
2.482, 2.915
2.473, 2.914
2.473, 2.914
2.471, 2.914
2.473, 2.915
2.473, 2.915
2.474, 2.915
2.474, 2.915
2.484, 2.915
2.496, 2.915
2.496, 2.914
